City_ID,City,Country,Date,Lat,Lng,Max Temp,Humidity,Cloudiness,Wind Speed
0,Crystal Beach,CA,2021-04-07 20:16:11,42.8699,-79.0583,72.0,54,98,10.36
1,Parainen,FI,2021-04-07 20:16:11,60.3067,22.301,33.01,93,75,2.3
2,Ushuaia,AR,2021-04-07 20:11:32,-54.8,-68.3,50.0,87,75,1.81
3,Les Cayes,HT,2021-04-07 20:16:11,18.2,-73.75,80.58,72,100,2.59
4,Mataura,NZ,2021-04-07 20:12:22,-46.1927,168.8643,45.0,96,59,2.71
5,Jamestown,US,2021-04-07 20:12:31,42.097,-79.2353,75.0,46,1,5.75
6,Bluff,NZ,2021-04-07 20:12:22,-46.6,168.3333,45.0,96,39,12.62
7,Atasu,KZ,2021-04-07 20:16:12,48.6814,71.6433,40.06,79,1,7.16
8,Pochutla,MX,2021-04-07 20:13:16,15.7432,-96.4661,95.0,38,20,17.27
9,La Rioja,ES,2021-04-07 20:16:12,42.25,-2.5,46.4,53,0,1.14
10,Busselton,AU,2021-04-07 20:12:26,-33.65,115.3333,60.01,80,58,1.01
11,Kapaa,US,2021-04-07 20:10:19,22.0752,-159.319,73.4,68,75,19.57
12,Codrington,AU,2021-04-07 20:07:41,-38.2667,141.9667,56.05,72,6,8.21
13,Hithadhoo,MV,2021-04-07 20:12:42,-0.6,73.0833,82.33,68,48,10.22
14,Saryozek,KZ,2021-04-07 20:16:13,44.3583,77.9753,44.22,73,100,2.06
15,Tiksi,RU,2021-04-07 20:12:54,71.6872,128.8694,-10.3,93,100,3.58
16,Hasaki,JP,2021-04-07 20:12:53,35.7333,140.8333,50.0,87,75,6.91
17,Albany,US,2021-04-07 20:12:42,42.6001,-73.9662,68.0,32,17,7.83
18,Chuy,UY,2021-04-07 20:12:51,-33.6971,-53.4616,75.7,70,7,14.63
19,Sinnamary,GF,2021-04-07 20:16:13,5.3833,-52.95,76.87,89,100,5.93
20,Cape Town,ZA,2021-04-07 20:08:44,-33.9258,18.4232,64.99,88,0,14.97
21,Port Alfred,ZA,2021-04-07 20:12:26,-33.5906,26.891,65.95,95,59,10.78
22,Torbay,CA,2021-04-07 20:12:33,47.6666,-52.7314,37.99,100,90,8.05
23,Launceston,AU,2021-04-07 20:07:59,-41.45,147.1667,55.0,93,75,8.05
24,Rikitea,PF,2021-04-07 20:12:25,-23.1203,-134.9692,76.73,61,1,7.65
25,Pervomayskiy,RU,2021-04-07 20:16:14,53.2485,40.2871,46.0,90,100,20.76
26,Houma,US,2021-04-07 20:14:12,29.5958,-90.7195,80.01,73,75,20.71
27,Sukhoy Log,RU,2021-04-07 20:16:14,56.9094,62.0296,34.36,98,100,7.96
28,Atuona,PF,2021-04-07 20:12:43,-9.8,-139.0333,80.82,72,13,15.39
29,Tuktoyaktuk,CA,2021-04-07 20:07:49,69.4541,-133.0374,-7.6,77,40,5.75
30,Ribeira Grande,PT,2021-04-07 20:12:48,38.5167,-28.7,60.8,88,75,21.85
31,Butaritari,KI,2021-04-07 20:12:22,3.0707,172.7902,80.82,79,19,11.95
32,Yerbogachen,RU,2021-04-07 20:16:15,61.2767,108.0108,30.74,95,100,8.32
33,Nampula,MZ,2021-04-07 20:16:15,-15.1165,39.2666,71.6,94,75,11.5
34,Amboasary,MG,2021-04-07 20:16:15,-25.0333,46.3833,73.4,83,20,2.3
35,Nikolskoye,RU,2021-04-07 20:12:29,59.7035,30.7861,36.0,86,0,4.47
36,Balikpapan,ID,2021-04-07 20:16:15,-1.2675,116.8289,73.72,92,100,3.49
37,Carnarvon,AU,2021-04-07 20:12:47,-24.8667,113.6333,75.2,73,69,19.57
38,Grindavik,IS,2021-04-07 20:09:00,63.8424,-22.4338,32.0,100,90,17.27
39,Avarua,CK,2021-04-07 20:12:50,-21.2078,-159.775,82.4,69,90,9.22
40,Bachaquero,VE,2021-04-07 20:16:16,9.9694,-71.1494,86.07,67,92,6.96
41,Poum,NC,2021-04-07 20:16:16,-20.2333,164.0167,79.41,75,21,22.53
42,Port Keats,AU,2021-04-07 20:16:16,-14.25,129.55,81.75,70,89,5.37
43,Isfana,KG,2021-04-07 20:16:17,39.8386,69.5306,51.8,71,28,4.47
44,Kaitangata,NZ,2021-04-07 20:14:04,-46.2817,169.8464,53.01,97,93,4.0
45,Trelew,AR,2021-04-07 20:13:37,-43.249,-65.3051,74.89,23,0,10.22
46,Lianran,CN,2021-04-07 20:16:17,24.9227,102.485,55.0,93,0,2.48
47,Kirakira,SB,2021-04-07 20:14:28,-10.4544,161.9205,80.19,81,91,9.15
48,Mwinilunga,ZM,2021-04-07 20:16:04,-11.7358,24.4293,61.52,95,80,3.65
49,Port Elizabeth,ZA,2021-04-07 20:12:10,-33.918,25.5701,64.4,88,90,9.22
50,Bredasdorp,ZA,2021-04-07 20:12:42,-34.5322,20.0403,57.2,94,48,3.44
51,Hami,CN,2021-04-07 20:16:17,42.8,93.45,60.85,20,100,14.34
52,Clyde River,CA,2021-04-07 20:14:32,70.4692,-68.5914,10.4,85,90,5.75
53,Cabo San Lucas,MX,2021-04-07 20:12:45,22.8909,-109.9124,80.6,65,75,6.91
54,Emba,KZ,2021-04-07 20:16:18,48.8264,58.1442,39.43,85,65,4.23
55,Vaini,TO,2021-04-07 20:12:22,-21.2,-175.2,77.0,78,20,5.75
56,Aksarka,RU,2021-04-07 20:16:18,66.5606,67.7975,27.37,89,100,6.87
57,Norfolk,US,2021-04-07 20:12:03,42.1668,-71.2495,57.0,62,90,5.75
58,Harper,LR,2021-04-07 20:16:18,4.375,-7.7169,80.74,83,17,6.11
59,Saldanha,ZA,2021-04-07 20:14:07,-33.0117,17.9442,60.8,82,40,8.05
60,Zhigansk,RU,2021-04-07 20:13:26,66.7697,123.3711,6.22,90,100,20.27
61,Hermanus,ZA,2021-04-07 20:12:20,-34.4187,19.2345,62.01,87,12,6.85
62,Dikson,RU,2021-04-07 20:12:20,73.5069,80.5464,2.84,84,100,3.15
63,Revelstoke,CA,2021-04-07 20:16:19,50.9832,-118.2023,46.4,76,90,13.8
64,Sile,TR,2021-04-07 20:16:19,41.1754,29.6133,48.2,87,75,18.41
65,Qui Nhon,VN,2021-04-07 20:14:54,13.7667,109.2333,75.72,86,93,2.57
66,San Juan,AR,2021-04-07 20:16:19,-31.5375,-68.5364,87.31,34,64,9.44
67,Punta Arenas,CL,2021-04-07 20:12:24,-53.15,-70.9167,55.4,58,0,14.97
68,Saint George,US,2021-04-07 20:12:52,37.1041,-113.5841,75.0,10,1,2.46
69,Hobyo,SO,2021-04-07 20:13:23,5.3505,48.5268,80.17,58,82,13.06
70,Khartoum,SD,2021-04-07 20:16:20,15.5518,32.5324,88.0,7,34,1.01
71,Itarema,BR,2021-04-07 20:13:36,-2.9248,-39.9167,81.36,77,100,15.57
72,High Level,CA,2021-04-07 20:16:20,58.5169,-117.136,32.0,86,90,13.8
73,Saskylakh,RU,2021-04-07 20:13:34,71.9167,114.0833,-3.05,99,100,4.74
74,Tasiilaq,GL,2021-04-07 20:12:38,65.6145,-37.6368,19.4,63,3,19.57
75,Baruun-Urt,MN,2021-04-07 20:16:21,46.6806,113.2792,34.9,38,0,2.91
76,Arraial Do Cabo,BR,2021-04-07 20:08:39,-22.9661,-42.0278,75.2,78,40,5.75
77,Griffith,US,2021-04-07 20:16:21,41.5284,-87.4237,82.0,47,90,17.27
78,Taywarah,AF,2021-04-07 20:16:21,33.35,64.4167,42.06,39,2,4.32
79,Bom Jesus Da Lapa,BR,2021-04-07 20:16:21,-13.255,-43.4181,88.18,39,64,9.8
80,Mayumba,GA,2021-04-07 20:16:22,-3.432,10.6554,79.79,86,43,5.97
81,Hobart,AU,2021-04-07 20:12:41,-42.8794,147.3294,59.0,67,0,13.8
82,Qaanaaq,GL,2021-04-07 20:12:28,77.484,-69.3632,2.82,70,69,8.14
83,Trairi,BR,2021-04-07 20:09:22,-3.2778,-39.2689,81.59,73,93,11.14
84,Makkaveyevo,RU,2021-04-07 20:16:22,51.7533,113.9454,21.2,86,18,2.24
85,Ballina,AU,2021-04-07 20:16:23,-28.8667,153.5667,68.0,94,90,10.36
86,Pisco,PE,2021-04-07 20:12:59,-13.7,-76.2167,75.2,64,0,18.41
87,Solnechnyy,RU,2021-04-07 20:13:17,50.7214,136.6319,22.33,90,100,4.47
88,Tautira,PF,2021-04-07 20:16:23,-17.7333,-149.15,84.2,58,20,3.44
89,Mar Del Plata,AR,2021-04-07 20:12:58,-38.0023,-57.5575,80.6,65,40,11.5
90,Sao Gabriel Da Cachoeira,BR,2021-04-07 20:16:23,-0.1303,-67.0892,87.8,62,40,3.44
91,Olpad,IN,2021-04-07 20:16:24,21.3333,72.75,80.6,65,0,4.61
92,Kherson,UA,2021-04-07 20:16:24,46.6558,32.6178,39.2,93,75,13.42
93,Esperance,AU,2021-04-07 20:12:38,-33.8667,121.9,62.6,94,40,5.75
94,Quang Ngai,VN,2021-04-07 20:16:24,15.1167,108.8,72.05,92,51,3.65
95,Kruisfontein,ZA,2021-04-07 20:12:51,-34.0033,24.7314,63.0,85,100,5.06
96,Karratha,AU,2021-04-07 20:14:28,-20.7377,116.8463,80.2,68,5,6.91
97,Aklavik,CA,2021-04-07 20:12:27,68.2191,-135.0107,1.4,60,1,6.91
98,Makakilo City,US,2021-04-07 20:14:35,21.3469,-158.0858,75.2,50,40,10.36
99,Usakos,NA,2021-04-07 20:16:25,-22.0,15.6,79.3,31,30,2.95
100,Meulaboh,ID,2021-04-07 20:14:22,4.1363,96.1285,75.78,89,100,2.98
101,Tual,ID,2021-04-07 20:16:25,-5.6667,132.75,81.86,73,82,6.73
102,Detchino,RU,2021-04-07 20:16:25,54.8092,36.3075,39.2,100,100,2.24
103,Nelson Bay,AU,2021-04-07 20:12:51,-32.7167,152.15,63.0,100,40,3.15
104,Thompson,CA,2021-04-07 20:12:18,55.7435,-97.8558,44.6,45,20,8.05
105,Hofn,IS,2021-04-07 20:16:26,64.2539,-15.2082,28.4,74,90,18.41
106,Plouzane,FR,2021-04-07 20:16:26,48.3833,-4.6167,42.8,75,20,4.61
107,Kupang,ID,2021-04-07 20:16:26,-10.1667,123.5833,76.53,85,70,2.75
108,Ulaangom,MN,2021-04-07 20:16:26,49.9811,92.0667,42.06,29,75,3.06
109,Praia Da Vitoria,PT,2021-04-07 20:16:27,38.7333,-27.0667,62.6,88,20,10.69
110,Gaya,IN,2021-04-07 20:16:27,24.7833,85.0,75.2,78,0,4.29
111,Pokosnoye,RU,2021-04-07 20:16:27,55.5258,101.0536,34.54,99,100,1.66
112,Faanui,PF,2021-04-07 20:10:15,-16.4833,-151.75,80.94,70,68,14.74
113,Lata,PT,2021-04-07 20:13:00,40.1629,-8.3327,61.0,79,100,1.63
114,Slidell,US,2021-04-07 20:16:28,30.2752,-89.7812,80.6,57,40,17.27
115,Berbera,SO,2021-04-07 20:16:28,10.4396,45.0143,78.31,64,4,3.2
116,Saint-Philippe,RE,2021-04-07 20:12:37,-21.3585,55.7679,78.8,78,20,5.75
117,Inongo,CD,2021-04-07 20:16:28,-1.95,18.2667,74.3,92,100,7.4
118,Talnakh,RU,2021-04-07 20:12:25,69.4865,88.3972,2.1,98,61,2.98
119,Ponta Do Sol,PT,2021-04-07 20:12:52,32.6667,-17.1,64.0,72,100,1.01
120,Provideniya,RU,2021-04-07 20:12:16,64.3833,-173.3,-2.2,71,0,15.66
121,La Ronge,CA,2021-04-07 20:16:29,55.1001,-105.2842,55.4,33,76,10.36
122,Fort Walton Beach,US,2021-04-07 20:16:29,30.4058,-86.6188,78.8,65,1,6.91
123,Namatanai,PG,2021-04-07 20:13:35,-3.6667,152.4333,78.19,88,100,8.93
124,Galle,LK,2021-04-07 20:13:56,6.0367,80.217,77.38,80,78,3.38
125,Port Lincoln,AU,2021-04-07 20:12:46,-34.7333,135.8667,68.99,38,100,9.4
126,Raga,SS,2021-04-07 20:16:29,8.4596,25.678,85.21,21,89,3.83
127,Port Blair,IN,2021-04-07 20:14:00,11.6667,92.75,80.64,72,16,2.93
128,Chokurdakh,RU,2021-04-07 20:12:57,70.6333,147.9167,-16.73,95,100,2.3
129,South Yuba City,US,2021-04-07 20:16:30,39.1166,-121.6391,70.0,42,1,6.91
130,Urdoma,RU,2021-04-07 20:16:30,61.7533,48.5442,34.66,92,95,5.93
131,Caravelas,BR,2021-04-07 20:16:30,-17.7125,-39.2481,77.58,71,100,10.36
132,Airai,TL,2021-04-07 20:13:19,-8.9266,125.4092,59.14,90,50,1.41
133,Longyearbyen,SJ,2021-04-07 20:12:21,78.2186,15.6401,23.0,80,75,24.16
134,Saint-Augustin,CA,2021-04-07 20:12:36,51.226,-58.6502,41.04,96,100,10.38
135,Khatanga,RU,2021-04-07 20:13:11,71.9667,102.5,-20.65,100,100,2.37
136,Hovd,MN,2021-04-07 20:16:31,48.0056,91.6419,40.5,38,0,7.81
137,East London,ZA,2021-04-07 20:12:39,-33.0153,27.9116,67.96,73,62,8.14
138,Tecoanapa,MX,2021-04-07 20:14:26,16.5167,-98.75,86.95,55,0,13.35
139,Dunedin,NZ,2021-04-07 20:16:31,-45.8742,170.5036,54.0,87,12,4.54
140,Lipari,IT,2021-04-07 20:16:32,38.4674,14.954,57.99,68,28,5.01
141,Aden,YE,2021-04-07 20:14:14,12.7794,45.0367,81.48,63,0,10.0
142,Ta Khmau,KH,2021-04-07 20:16:32,11.4833,104.95,82.4,78,40,9.22
143,Lompoc,US,2021-04-07 20:11:22,34.6391,-120.4579,62.01,67,34,16.11
144,Kibi,GH,2021-04-07 20:16:32,6.1649,-0.5538,76.28,88,38,3.74
145,Bani,DO,2021-04-07 20:16:32,18.2833,-70.3333,82.4,74,75,11.5
146,Shache,CN,2021-04-07 20:16:33,38.4167,77.2406,45.64,72,100,3.65
147,Floro,NO,2021-04-07 20:16:33,61.5996,5.0328,33.8,75,75,10.36
148,Lazaro Cardenas,MX,2021-04-07 20:14:23,17.9583,-102.2,83.88,53,0,11.48
149,Ergani,TR,2021-04-07 20:16:33,38.2653,39.7621,59.0,66,0,3.44
150,Georgetown,MY,2021-04-07 20:12:19,5.4112,100.3354,80.6,89,20,2.3
151,Calabozo,VE,2021-04-07 20:12:43,8.9242,-67.4293,93.67,37,100,2.51
152,Hilo,US,2021-04-07 20:13:04,19.7297,-155.09,77.0,47,40,9.22
153,Avera,US,2021-04-07 20:13:01,33.194,-82.5271,84.2,30,1,6.91
154,Yellowknife,CA,2021-04-07 20:10:56,62.456,-114.3525,19.0,79,90,17.27
155,Coihaique,CL,2021-04-07 20:13:52,-45.5752,-72.0662,55.4,62,75,2.3
156,Cirie,IT,2021-04-07 20:16:34,45.2351,7.5988,44.6,19,0,1.14
157,Zhezkazgan,KZ,2021-04-07 20:16:34,47.8043,67.7144,49.51,64,66,10.63
158,Farsund,NO,2021-04-07 20:16:34,58.0948,6.8047,39.99,70,4,23.89
159,Caconda,AO,2021-04-07 20:16:35,-13.7333,15.0667,66.47,71,100,3.38
160,Goalpara,IN,2021-04-07 20:16:35,26.1667,90.6167,73.62,58,11,0.69
161,Denpasar,ID,2021-04-07 20:16:35,-8.65,115.2167,78.8,94,20,1.14
162,Mendi,PG,2021-04-07 20:16:35,-6.1761,143.6513,56.17,99,100,0.65
163,Dibrugarh,IN,2021-04-07 20:16:36,27.4833,94.9,74.53,32,75,4.43
164,Memaliaj,AL,2021-04-07 20:16:36,40.3517,19.9803,43.0,91,100,1.01
165,Uarini,BR,2021-04-07 20:16:36,-2.99,-65.1083,89.6,66,20,4.61
166,Vanderhoof,CA,2021-04-07 20:15:04,54.0166,-124.0198,41.29,46,100,11.27
167,Mount Isa,AU,2021-04-07 20:13:09,-20.7333,139.5,71.6,46,95,8.05
168,Geraldton,AU,2021-04-07 20:09:53,-28.7667,114.6,71.6,78,90,19.57
169,Tateyama,JP,2021-04-07 20:12:44,34.9833,139.8667,52.0,61,36,4.5
170,Souillac,MU,2021-04-07 20:13:31,-20.5167,57.5167,80.6,78,75,11.5
171,Asau,RO,2021-04-07 20:16:37,46.4333,26.4,34.0,75,20,3.44
172,Beruwala,LK,2021-04-07 20:16:37,6.4788,79.9828,77.2,81,94,4.23
173,Ous,RU,2021-04-07 20:16:37,60.9058,61.5186,33.06,94,100,4.05
174,Tacuarembo,UY,2021-04-07 20:12:23,-31.7333,-55.9833,83.41,45,0,8.08
175,Upata,VE,2021-04-07 20:16:38,8.0086,-62.3989,91.0,56,100,4.0
176,Bambous Virieux,MU,2021-04-07 20:12:55,-20.3428,57.7575,80.6,78,75,11.5
177,Omboue,GA,2021-04-07 20:14:04,-1.5746,9.2618,79.75,86,50,5.17
178,Coquimbo,CL,2021-04-07 20:13:13,-29.9533,-71.3436,64.4,77,75,12.66
179,Xingyi,CN,2021-04-07 20:16:38,24.1877,102.817,52.05,83,0,2.21
180,Ikalamavony,MG,2021-04-07 20:16:38,-21.15,46.5833,65.53,83,42,7.54
181,Ambilobe,MG,2021-04-07 20:13:04,-13.2,49.05,74.32,93,84,2.77
182,Kungurtug,RU,2021-04-07 20:16:39,50.5994,97.5228,26.1,76,10,2.19
183,Ofaqim,IL,2021-04-07 20:16:39,31.3141,34.6203,66.99,45,7,5.73
184,Bien Hoa,VN,2021-04-07 20:16:39,10.95,106.8167,80.6,83,40,5.75
185,Sola,VU,2021-04-07 20:16:40,-13.8833,167.55,81.86,70,52,5.3
186,Princeton,US,2021-04-07 20:16:40,25.5384,-80.4089,78.8,47,1,9.22
187,Zabaykalsk,RU,2021-04-07 20:16:40,49.6333,117.3167,34.7,46,35,6.38
188,Waw,SS,2021-04-07 20:16:40,7.7029,27.9953,91.06,27,81,3.11
189,New Norfolk,AU,2021-04-07 20:12:40,-42.7826,147.0587,59.0,67,0,13.8
190,Belmonte,BR,2021-04-07 20:16:41,-15.8631,-38.8828,77.0,78,75,1.14
191,Bengkulu,ID,2021-04-07 20:13:20,-3.8004,102.2655,75.49,86,93,3.98
192,Brindisi,IT,2021-04-07 20:16:41,40.5833,17.6667,50.0,53,20,11.5
193,Fortuna,US,2021-04-07 20:12:30,40.5982,-124.1573,52.0,81,90,11.5
194,Garowe,SO,2021-04-07 20:13:25,8.4054,48.4845,71.56,62,91,14.03
195,Bethel,US,2021-04-07 20:12:50,41.3712,-73.414,69.8,32,1,8.05
196,Severo-Kurilsk,RU,2021-04-07 20:12:33,50.6789,156.125,31.39,90,100,37.6
197,Hengyang,CN,2021-04-07 20:13:34,26.8881,112.615,54.75,91,95,4.54
198,Bambanglipuro,ID,2021-04-07 20:16:42,-7.95,110.2833,78.55,87,100,9.42
199,Mercedes,AR,2021-04-07 20:13:06,-34.6515,-59.4307,88.0,57,42,4.0
200,Dezful,IR,2021-04-07 20:16:42,32.3811,48.4058,77.02,16,100,4.65
201,Belyye Berega,RU,2021-04-07 20:16:42,53.2085,34.6641,32.0,100,100,11.18
202,Kavieng,PG,2021-04-07 20:13:14,-2.5744,150.7967,80.67,81,98,15.23
203,Oranjestad,AW,2021-04-07 20:15:56,12.524,-70.027,84.2,70,20,21.85
204,Cidreira,BR,2021-04-07 20:13:02,-30.1811,-50.2056,75.06,71,0,18.63
205,Smoky Lake,CA,2021-04-07 20:13:33,54.1169,-112.4686,51.8,40,100,11.5
206,Adrar,MR,2021-04-07 20:13:38,20.5022,-10.0711,84.47,15,4,5.86
207,Bartica,GY,2021-04-07 20:16:43,6.4,-58.6167,84.2,74,40,11.5
208,Zhangye,CN,2021-04-07 20:16:43,38.9342,100.4517,51.49,46,12,4.03
209,Kremnica,SK,2021-04-07 20:16:43,48.7052,18.9183,28.0,100,57,2.73
210,Ilulissat,GL,2021-04-07 20:12:21,69.2167,-51.1,21.2,58,75,5.75
211,Laguna,US,2021-04-07 20:12:41,38.421,-121.4238,69.01,40,43,5.99
212,Nome,US,2021-04-07 20:13:05,64.5011,-165.4064,3.2,55,1,7.38
213,Kamenka,RU,2021-04-07 20:16:44,51.3223,42.7678,46.99,83,40,1.01
214,Villa Carlos Paz,AR,2021-04-07 20:16:44,-31.4241,-64.4978,73.0,81,100,8.01
215,Dawei,MM,2021-04-07 20:16:44,14.0833,98.2,76.06,85,84,2.24
216,Luderitz,NA,2021-04-07 20:12:37,-26.6481,15.1594,66.97,65,0,8.55
217,Cherskiy,RU,2021-04-07 20:12:38,68.75,161.3,-19.1,98,90,5.3
218,Det Udom,TH,2021-04-07 20:16:44,14.906,105.0784,88.0,69,94,4.61
219,Pecos,US,2021-04-07 20:16:45,31.4229,-103.4932,78.01,10,1,11.5
220,Alexandria,EG,2021-04-07 20:15:29,31.2156,29.9553,64.4,77,40,4.61
221,Ayan,RU,2021-04-07 20:14:08,56.45,138.1667,20.12,92,100,12.97
222,Ouesso,CG,2021-04-07 20:13:39,1.6136,16.0517,77.52,67,83,3.87
223,Manacapuru,BR,2021-04-07 20:16:45,-3.2997,-60.6206,86.0,70,20,4.61
224,Zaozhuang,CN,2021-04-07 20:16:45,34.8647,117.5542,48.7,57,63,3.31
225,Puerto Ayora,EC,2021-04-07 20:13:13,-0.7393,-90.3518,82.4,74,75,6.91
226,Usinsk,RU,2021-04-07 20:13:00,65.9939,57.5281,32.2,86,86,8.86
227,San Patricio,US,2021-04-07 20:13:50,28.017,-97.5169,82.0,74,90,10.36
228,Sioux Lookout,CA,2021-04-07 20:15:52,50.1001,-91.917,51.8,40,90,9.22
229,Klaksvik,FO,2021-04-07 20:12:29,62.2266,-6.589,32.0,93,100,23.02
230,Okhotsk,RU,2021-04-07 20:09:45,59.3833,143.3,8.19,95,100,3.74
231,Norman Wells,CA,2021-04-07 20:13:52,65.282,-126.8329,3.2,60,75,6.91
232,Victoria,HK,2021-04-07 20:08:34,22.2855,114.1577,73.0,82,100,1.01
233,Mikhaylovskoye,RU,2021-04-07 20:16:46,51.8239,79.7172,33.24,90,28,4.0
234,Igarka,RU,2021-04-07 20:16:46,67.4667,86.5833,20.16,95,100,7.34
235,Mayo,US,2021-04-07 20:16:47,38.8876,-76.5119,78.01,59,1,5.75
236,Eureka,US,2021-04-07 20:16:47,40.8021,-124.1637,53.01,71,83,5.99
237,Kutum,SD,2021-04-07 20:16:47,14.2,24.6667,79.47,9,38,12.19
238,Alice Springs,AU,2021-04-07 20:13:29,-23.7,133.8833,57.2,72,5,4.61
239,Sorong,ID,2021-04-07 20:16:47,-0.8833,131.25,79.59,82,99,4.29
240,Simbahan,PH,2021-04-07 20:16:48,6.3032,120.5836,81.79,77,100,8.08
241,San Rafael,AR,2021-04-07 20:16:48,-34.6177,-68.3301,71.22,60,98,9.95
242,Mantua,IT,2021-04-07 20:14:09,45.1667,10.7833,42.01,44,0,1.99
243,Shaunavon,CA,2021-04-07 20:16:48,49.6501,-108.4181,60.8,16,0,21.85
244,Rabo De Peixe,PT,2021-04-07 20:16:49,37.8,-25.5833,60.8,82,75,18.41
245,Shitanjing,CN,2021-04-07 20:13:14,39.2342,106.3439,45.59,44,63,7.07
246,Kaseda,JP,2021-04-07 20:16:49,31.4167,130.3167,59.47,65,100,2.51
247,Sur,OM,2021-04-07 20:13:44,22.5667,59.5289,79.74,44,0,7.43
248,Coos Bay,US,2021-04-07 20:16:49,43.3665,-124.2179,51.8,66,90,9.22
249,Salalah,OM,2021-04-07 20:16:50,17.0151,54.0924,80.6,74,0,3.44
250,Kosonsoy,UZ,2021-04-07 20:16:50,41.2561,71.5508,55.4,50,7,9.22
251,Dudinka,RU,2021-04-07 20:12:59,69.4058,86.1778,0.88,88,7,8.52
252,Creel,MX,2021-04-07 20:16:50,27.75,-107.6333,72.91,13,99,13.85
253,Rocha,UY,2021-04-07 20:14:27,-34.4833,-54.3333,77.76,60,3,10.45
254,Xudat,AZ,2021-04-07 20:16:51,41.631,48.681,50.77,75,48,8.37
255,Aksum,ET,2021-04-07 20:16:51,14.1245,38.7244,64.47,18,3,5.95
256,Sobolevo,RU,2021-04-07 20:16:51,54.4299,31.8996,32.41,86,100,6.13
257,Kudahuvadhoo,MV,2021-04-07 20:13:27,2.6708,72.8944,82.51,69,80,8.23
258,Diamantino,BR,2021-04-07 20:14:19,-14.4086,-56.4461,83.79,72,99,4.45
259,Takaka,NZ,2021-04-07 20:16:51,-40.85,172.8,55.0,90,0,1.01
260,Leesburg,US,2021-04-07 20:14:04,39.1157,-77.5636,82.4,36,40,2.77
261,Trincomalee,LK,2021-04-07 20:11:56,8.5711,81.2335,78.64,82,74,5.79
262,Haines Junction,CA,2021-04-07 20:14:22,60.7522,-137.5108,19.4,25,61,4.61
263,Lasa,IT,2021-04-07 20:16:52,46.6166,10.7002,35.6,80,40,5.75
264,Corinto,GR,2021-04-07 20:16:52,37.9407,22.9573,60.01,58,27,8.01
265,Hongjiang,CN,2021-04-07 20:16:52,27.11,109.9956,51.8,96,60,3.67
266,Shumikha,RU,2021-04-07 20:16:53,55.2261,63.2961,33.94,99,100,8.81
267,Kurchum,KZ,2021-04-07 20:16:53,48.5722,83.6542,37.69,81,7,8.75
268,Lorengau,PG,2021-04-07 20:14:45,-2.0226,147.2712,82.17,75,100,10.83
269,Masuri,KR,2021-04-07 20:16:53,35.8488,128.1492,51.8,37,1,6.91
270,Gijon,ES,2021-04-07 20:14:14,43.5357,-5.6615,51.01,66,20,11.5
271,Pathein,MM,2021-04-07 20:16:54,16.7833,94.7333,76.51,85,7,4.63
272,Banjar,ID,2021-04-07 20:16:54,-8.19,114.9675,78.8,94,20,1.14
273,Barrow,US,2021-04-07 20:12:34,71.2906,-156.7887,-18.4,63,90,13.8
274,Dortyol,TR,2021-04-07 20:16:54,36.8616,36.2289,64.99,89,89,2.59
275,Taoudenni,ML,2021-04-07 20:11:02,22.6783,-3.9836,89.94,13,2,9.71
276,Tambovka,RU,2021-04-07 20:16:54,50.0969,128.0489,19.4,53,0,6.71
277,Kununurra,AU,2021-04-07 20:08:53,-15.7667,128.7333,71.6,100,40,1.14
278,Yichun,CN,2021-04-07 20:16:55,47.7,128.9,18.64,59,9,7.56
279,Castro,BR,2021-04-07 20:12:37,-24.7911,-50.0119,67.39,73,94,8.97
280,Vila,PT,2021-04-07 20:13:45,42.0304,-8.1588,59.0,72,0,3.44
281,Ewa Beach,US,2021-04-07 20:16:55,21.3156,-158.0072,75.2,50,40,10.36
282,Gao,ML,2021-04-07 20:16:55,16.6362,1.637,88.63,4,99,11.43
283,Yarada,IN,2021-04-07 20:16:56,17.65,83.2667,82.4,83,20,5.75
284,Kyakhta,RU,2021-04-07 20:16:56,50.3508,106.4494,39.43,38,100,4.09
285,Masterton,NZ,2021-04-07 20:15:37,-40.9597,175.6575,59.0,88,4,1.01
286,Golden,US,2021-04-07 20:15:04,39.7555,-105.2211,60.01,33,40,13.87
287,Bilibino,RU,2021-04-07 20:13:57,68.0546,166.4372,-13.88,89,15,1.97
288,Morro Bay,US,2021-04-07 20:16:57,35.3658,-120.8499,71.01,59,66,3.0
289,Maltahohe,NA,2021-04-07 20:16:57,-24.8333,16.9833,70.54,15,0,1.63
290,Billings,US,2021-04-07 20:14:05,45.7833,-108.5007,64.0,31,1,18.41
291,Smithers,CA,2021-04-07 20:15:06,54.7804,-127.1743,39.2,48,75,8.05
292,Ferrol,ES,2021-04-07 20:16:57,43.4832,-8.2369,55.99,66,100,12.91
293,Upernavik,GL,2021-04-07 20:13:22,72.7868,-56.1549,6.33,88,12,5.44
294,Salta,AR,2021-04-07 20:16:58,-24.7859,-65.4117,73.4,68,40,10.36
295,Ust-Nera,RU,2021-04-07 20:16:58,64.5667,143.2,3.67,96,100,4.79
296,Verkhnevilyuysk,RU,2021-04-07 20:13:57,63.4453,120.3167,17.71,95,100,8.16
297,Isangel,VU,2021-04-07 20:12:32,-19.55,169.2667,77.04,82,7,8.66
298,Ust-Tsilma,RU,2021-04-07 20:13:38,65.441,52.1498,35.56,86,100,7.43
299,Nibong Tebal,MY,2021-04-07 20:16:58,5.1659,100.4779,80.01,94,20,3.94
300,Fuerte Olimpo,PY,2021-04-07 20:16:59,-21.0415,-57.8738,91.08,34,29,9.01
301,Nadvoitsy,RU,2021-04-07 20:14:06,63.8667,34.3167,32.14,91,100,6.22
302,Victoria Point,AU,2021-04-07 20:16:59,-27.5833,153.3,66.99,90,57,8.61
303,Lebu,CL,2021-04-07 20:12:32,-37.6167,-73.65,60.67,73,0,6.96
304,Chapais,CA,2021-04-07 20:16:59,49.7834,-74.8492,57.2,54,1,4.61
305,Palora,EC,2021-04-07 20:17:00,-1.7,-77.9333,71.6,94,75,5.75
306,Lavrentiya,RU,2021-04-07 20:12:16,65.5833,-171.0,-6.66,90,82,5.1
307,Vestmannaeyjar,IS,2021-04-07 20:12:33,63.4427,-20.2734,34.56,94,100,6.29
308,Xiongyue,CN,2021-04-07 20:17:00,40.1774,122.1228,42.75,30,0,2.91
309,Price,US,2021-04-07 20:14:20,39.5994,-110.8107,57.2,17,1,4.61
310,Savinskiy,RU,2021-04-07 20:17:00,62.9342,40.1361,36.05,97,100,7.4
311,Bowen,AU,2021-04-07 20:14:28,-20.0167,148.2333,69.8,100,64,4.61
312,Sovetskiy,RU,2021-04-07 20:17:01,61.3614,63.5842,34.12,90,100,4.41
313,Zyryanka,RU,2021-04-07 20:17:01,65.75,150.85,-16.37,100,100,5.61
314,Pitimbu,BR,2021-04-07 20:17:01,-7.4706,-34.8086,82.4,69,0,11.5
315,Roald,NO,2021-04-07 20:17:01,62.5833,6.1333,32.0,93,90,9.22
316,Shimoda,JP,2021-04-07 20:14:17,34.6667,138.95,48.0,63,69,1.01
317,Panguna,PG,2021-04-07 20:17:02,-6.3164,155.4848,68.16,98,100,1.12
318,Taiobeiras,BR,2021-04-07 20:17:02,-15.8078,-42.2331,74.57,60,100,9.37
319,Muros,ES,2021-04-07 20:17:02,42.7762,-9.0603,59.0,65,51,2.73
320,Hun,LY,2021-04-07 20:17:03,29.1268,15.9477,74.32,26,6,11.86
321,Olivenza,ES,2021-04-07 20:17:03,38.6832,-7.103,71.6,40,0,8.05
322,Tura,IN,2021-04-07 20:17:03,25.5198,90.2201,69.03,72,0,4.97
323,Anadyr,RU,2021-04-07 20:14:06,64.75,177.4833,-18.0,76,0,6.71
324,Cardonal,MX,2021-04-07 20:17:04,20.6,-99.1333,81.43,16,1,4.23
325,Katobu,ID,2021-04-07 20:17:04,-4.9408,122.5276,74.77,93,93,1.7
326,Hoshcha,UA,2021-04-07 20:17:04,50.6003,26.6744,31.05,81,74,9.01
327,Sibolga,ID,2021-04-07 20:17:05,1.7427,98.7792,75.52,88,100,2.44
328,Touros,BR,2021-04-07 20:17:05,-5.1989,-35.4608,82.4,74,20,10.36
329,Bourg-En-Bresse,FR,2021-04-07 20:17:05,46.1667,5.1667,34.0,69,0,1.01
330,Kavaje,AL,2021-04-07 20:17:05,41.1856,19.5569,44.6,87,75,4.61
331,Longonjo,AO,2021-04-07 20:17:06,-12.9067,15.2533,66.47,80,98,2.86
332,Sorland,NO,2021-04-07 20:13:03,67.667,12.6934,28.4,93,40,10.36
333,Flin Flon,CA,2021-04-07 20:13:16,54.7682,-101.865,51.8,32,20,10.36
334,Sao Joao Da Barra,BR,2021-04-07 20:12:35,-21.6403,-41.0511,75.2,83,75,9.08
335,Kewanee,US,2021-04-07 20:17:06,41.2456,-89.9248,68.0,68,40,5.75
336,Grand-Santi,GF,2021-04-07 20:17:06,4.25,-54.3833,73.85,97,100,1.39
337,Juneau,US,2021-04-07 20:17:07,58.3019,-134.4197,32.0,74,75,4.61
338,Ixtapa,MX,2021-04-07 20:17:07,20.7,-105.2,82.4,65,1,13.8
339,Winslow,US,2021-04-07 20:17:07,35.0242,-110.6974,69.8,6,1,8.05
340,Walvis Bay,NA,2021-04-07 20:17:07,-22.9575,14.5053,57.2,88,0,5.75
341,Yar-Sale,RU,2021-04-07 20:17:08,66.8333,70.8333,2.41,100,98,1.1
342,Iqaluit,CA,2021-04-07 20:12:25,63.7506,-68.5145,33.8,86,90,34.52
343,Port Augusta,AU,2021-04-07 20:17:08,-32.5,137.7667,53.6,71,34,6.91
344,Anloga,GH,2021-04-07 20:17:08,5.7947,0.8973,84.2,84,20,10.36
345,Margate,GB,2021-04-07 20:12:54,51.3813,1.3862,42.01,42,15,1.99
346,Luau,AO,2021-04-07 20:17:09,-10.7073,22.2247,64.65,96,99,3.06
347,Torres,BR,2021-04-07 20:17:09,-29.3353,-49.7269,75.07,69,27,13.22
348,Le Port,RE,2021-04-07 20:12:16,-20.9373,55.2919,77.0,83,90,17.27
349,Manokwari,ID,2021-04-07 20:17:09,-0.8667,134.0833,78.39,81,99,3.6
350,Byron Bay,AU,2021-04-07 20:09:11,-28.65,153.6167,68.0,94,90,9.22
351,Kangaatsiaq,GL,2021-04-07 20:17:10,68.3065,-53.4641,22.75,82,71,18.14
352,Rio Das Ostras,BR,2021-04-07 20:17:10,-22.5269,-41.945,80.6,78,40,5.75
353,Andilamena,MG,2021-04-07 20:17:10,-17.0167,48.5833,66.4,86,87,7.72
354,Kathu,TH,2021-04-07 20:17:10,7.9178,98.3332,84.0,100,40,6.04
355,Camopi,GF,2021-04-07 20:17:11,3.1655,-52.3158,72.64,99,100,0.92
356,Baoding,CN,2021-04-07 20:13:38,38.8511,115.4903,45.05,34,5,2.26
357,Qandala,SO,2021-04-07 20:17:11,11.472,49.8728,81.63,46,7,8.37
358,Cintalapa,MX,2021-04-07 20:17:11,16.6951,-93.7272,93.47,23,85,7.85
359,College,US,2021-04-07 20:12:56,64.8569,-147.8028,9.0,56,20,3.44
360,Roblin,CA,2021-04-07 20:17:11,51.23,-101.3565,59.45,28,5,11.92
361,Indianola,US,2021-04-07 20:13:48,41.3581,-93.5574,73.0,56,90,8.05
362,Orange Walk,BZ,2021-04-07 20:17:12,17.8333,-88.8333,84.0,78,75,8.05
363,Pavilosta,LV,2021-04-07 20:17:12,56.8879,21.1859,37.4,93,90,5.75
364,Korosladany,HU,2021-04-07 20:17:12,46.9667,21.0833,37.99,50,0,4.0
365,Takoradi,GH,2021-04-07 20:17:13,4.8845,-1.7554,81.59,83,70,9.4
366,Goderich,CA,2021-04-07 20:12:20,43.7501,-81.7165,73.4,49,75,9.22
367,Davila,PH,2021-04-07 20:17:13,18.4726,120.5763,75.27,78,8,14.7
368,Planadas,CO,2021-04-07 20:17:13,3.197,-75.6451,73.35,83,96,4.5
369,Baturaja,ID,2021-04-07 20:17:13,-4.1333,104.1667,71.83,93,80,1.86
370,Zunheboto,IN,2021-04-07 20:17:14,25.9667,94.5167,58.59,58,76,2.82
371,Malazgirt,TR,2021-04-07 20:17:14,39.1427,42.5401,49.68,55,15,3.65
372,Henties Bay,NA,2021-04-07 20:14:24,-22.116,14.2845,63.88,80,0,4.94
373,Mahebourg,MU,2021-04-07 20:12:38,-20.4081,57.7,80.6,78,75,11.5
374,Hammerfest,NO,2021-04-07 20:17:14,70.6634,23.6821,30.2,86,20,14.97
375,Ureki,GE,2021-04-07 20:17:15,41.9956,41.7786,68.0,59,40,16.11
376,Woodstock,CA,2021-04-07 20:15:04,43.1334,-80.7497,69.01,42,40,4.61
377,Zhigalovo,RU,2021-04-07 20:17:15,54.8097,105.1578,27.39,98,47,2.13
378,Eucaliptus,BO,2021-04-07 20:17:15,-17.5833,-67.5167,62.94,23,84,6.35
379,Mindelo,CV,2021-04-07 20:17:15,16.8901,-24.9804,71.6,73,20,18.41
380,Kodiak,US,2021-04-07 20:12:32,57.79,-152.4072,37.4,65,90,6.91
381,Nalut,LY,2021-04-07 20:17:16,30.3333,10.85,72.25,16,5,13.04
382,Mama,RU,2021-04-07 20:17:16,58.3106,112.8986,37.99,98,100,4.59
383,San Cristobal,VE,2021-04-07 20:12:46,7.7669,-72.225,89.6,55,40,8.05
384,Saint-Pierre,RE,2021-04-07 20:17:16,-21.3393,55.4781,78.8,78,20,5.75
385,Madimba,TZ,2021-04-07 20:17:17,-10.4,40.3333,76.08,87,7,8.3
386,Sosnovka,RU,2021-04-07 20:17:17,56.255,51.2842,32.9,96,96,4.61
387,Sainte-Marie,RE,2021-04-07 20:17:17,-20.8968,55.5496,77.0,88,90,10.36
388,Brigantine,US,2021-04-07 20:17:17,39.4101,-74.3646,68.0,34,1,3.44
389,Takhtamygda,RU,2021-04-07 20:17:18,54.1,123.5667,7.75,96,37,2.17
390,Barentu,ER,2021-04-07 20:17:18,15.1139,37.5928,86.9,26,9,3.38
391,San Pedro,PH,2021-04-07 20:17:18,14.35,121.0167,82.99,74,20,6.91
392,Biryusinsk,RU,2021-04-07 20:17:18,55.9634,97.8235,32.85,98,100,11.65
393,Camacha,PT,2021-04-07 20:17:19,33.0833,-16.3333,64.4,82,20,1.14
394,Preobrazheniye,RU,2021-04-07 20:13:53,42.9019,133.9064,31.44,35,0,8.05
395,Vao,NC,2021-04-07 20:17:19,-22.6667,167.4833,76.12,68,31,14.63
396,Bharatpur,IN,2021-04-07 20:17:19,27.2167,77.4833,80.67,20,0,8.97
397,Sept-Iles,CA,2021-04-07 20:17:20,50.2001,-66.3821,48.2,61,20,9.22
398,Mareeba,AU,2021-04-07 20:14:56,-17.0,145.4333,77.0,88,97,1.99
399,Dingle,PH,2021-04-07 20:13:52,10.9995,122.6711,73.9,88,28,5.79
400,Grand Gaube,MU,2021-04-07 20:13:28,-20.0064,57.6608,80.01,76,100,5.99
401,Armidale,AU,2021-04-07 20:17:20,-30.5167,151.65,55.0,92,88,4.7
402,Seoul,KR,2021-04-07 20:17:20,37.5683,126.9778,42.8,70,0,5.75
403,Soria,ES,2021-04-07 20:17:21,41.6667,-2.6667,42.01,47,9,3.0
404,Jiazi,CN,2021-04-07 20:17:21,22.8779,116.067,65.8,76,84,11.32
405,Nizhniy Ingash,RU,2021-04-07 20:17:21,56.2,96.53,32.41,95,100,4.09
406,Kikwit,CD,2021-04-07 20:17:21,-5.041,18.8162,71.15,89,91,3.15
407,Huarmey,PE,2021-04-07 20:17:22,-10.0681,-78.1522,75.92,74,29,11.63
408,Kulhudhuffushi,MV,2021-04-07 20:12:46,6.6221,73.07,82.8,74,88,8.12
409,Broome,US,2021-04-07 20:13:29,42.2506,-75.833,69.8,28,1,11.5
410,Birin,NP,2021-04-07 20:17:22,26.8865,88.0718,60.84,47,5,4.61
411,Zharkent,KZ,2021-04-07 20:17:22,44.1628,80.0,53.4,56,100,1.5
412,Katsuura,JP,2021-04-07 20:08:34,35.1333,140.3,53.01,61,75,5.32
413,Seybaplaya,MX,2021-04-07 20:17:23,19.65,-90.6667,95.0,38,40,6.91
414,Gemunden,DE,2021-04-07 20:17:23,50.05,9.7,34.0,87,100,8.99
415,Ancud,CL,2021-04-07 20:13:18,-41.8697,-73.8203,64.0,67,40,10.36
416,Bud,US,2021-04-07 20:13:01,39.447,-86.1758,75.2,53,90,5.75
417,Bandarbeyla,SO,2021-04-07 20:17:23,9.4942,50.8122,78.33,60,28,7.85
418,Sankt Florian,AT,2021-04-07 20:17:23,48.2057,14.3784,33.01,100,75,11.5
419,Barsovo,RU,2021-04-07 20:17:24,61.1667,73.1667,32.0,93,75,4.47
420,Husavik,IS,2021-04-07 20:11:42,66.0449,-17.3389,24.8,80,90,18.41
421,Vila Velha,BR,2021-04-07 20:12:53,-20.3297,-40.2925,75.99,64,75,2.3
422,Presidente Franco,PY,2021-04-07 20:15:18,-25.5333,-54.6167,87.8,48,40,2.3
423,Karasuk,RU,2021-04-07 20:17:24,53.7377,78.0403,21.43,98,78,4.99
424,Stornoway,GB,2021-04-07 20:17:24,58.2093,-6.3865,39.99,70,100,13.8
425,Padang,ID,2021-04-07 20:13:11,-0.9492,100.3543,75.2,100,75,3.44
426,Sao Filipe,CV,2021-04-07 20:12:37,14.8961,-24.4956,75.34,65,1,7.2
427,Luis Gil Perez,MX,2021-04-07 20:17:25,17.8667,-93.05,89.6,55,75,8.05
428,Coruripe,BR,2021-04-07 20:17:25,-10.1256,-36.1756,79.41,70,100,9.17
429,Rexburg,US,2021-04-07 20:17:25,43.826,-111.7897,55.0,43,40,10.36
430,Pauini,BR,2021-04-07 20:17:25,-7.7136,-66.9764,88.57,58,84,3.2
431,Greytown,ZA,2021-04-07 20:17:26,-29.0642,30.5928,55.98,97,93,3.83
432,Nehe,CN,2021-04-07 20:17:26,48.4833,124.8333,24.67,40,0,6.64
433,Severobaykalsk,RU,2021-04-07 20:17:26,55.65,109.3167,21.42,92,78,4.65
434,Marawi,PH,2021-04-07 20:17:26,7.9986,124.2928,78.01,87,72,1.01
435,Bonfim,BR,2021-04-07 20:17:27,3.0833,-59.95,83.41,65,99,8.55
436,Svetlyy,RU,2021-04-07 20:17:27,54.675,20.1347,39.2,81,75,15.66
437,Celestun,MX,2021-04-07 20:13:36,20.8667,-90.4,84.87,58,97,10.65
438,Nepa Nagar,IN,2021-04-07 20:17:27,21.4667,76.4,87.44,17,0,7.65
439,Zhanaozen,KZ,2021-04-07 20:17:28,43.3,52.8,57.15,28,47,11.54
440,Ranau,MY,2021-04-07 20:17:28,5.9538,116.6641,77.0,83,20,5.75
441,La Spezia,IT,2021-04-07 20:17:28,44.1105,9.8434,45.0,30,0,3.0
442,Kaabong,UG,2021-04-07 20:17:28,3.4836,34.1492,69.91,60,6,13.58
443,Sibenik,HR,2021-04-07 20:17:29,43.7272,15.9058,42.8,39,0,8.05
444,Guerrero Negro,MX,2021-04-07 20:14:09,27.9769,-114.0611,74.5,48,14,13.38
445,Cvikov,CZ,2021-04-07 20:17:29,50.7767,14.633,36.0,90,92,9.55
446,Samana,DO,2021-04-07 20:13:03,19.2056,-69.3369,78.8,78,75,6.91
447,Ko Samui,TH,2021-04-07 20:15:07,9.5357,99.9357,81.01,78,62,7.34
448,Bontang,ID,2021-04-07 20:17:29,0.1333,117.5,75.31,88,100,3.4
449,Mizdah,LY,2021-04-07 20:09:18,31.4451,12.9801,65.26,32,70,15.43
450,Boundiali,CI,2021-04-07 20:17:30,9.5217,-6.4869,86.99,43,96,10.83
451,Atar,MR,2021-04-07 20:16:24,20.5169,-13.0499,87.04,15,44,10.2
452,Birao,CF,2021-04-07 20:13:07,10.2849,22.7882,85.42,8,100,6.2
453,San Fernando,PH,2021-04-07 20:17:30,15.0286,120.6898,78.8,73,75,2.3
454,Broken Hill,AU,2021-04-07 20:13:09,-31.95,141.4333,53.6,43,0,5.17
455,Inhambane,MZ,2021-04-07 20:13:20,-23.865,35.3833,73.4,83,20,6.85
456,Nyuksenitsa,RU,2021-04-07 20:17:30,60.4128,44.2397,34.59,95,37,8.79
457,Rio Grande,BR,2021-04-07 20:14:25,-32.035,-52.0986,78.8,69,40,13.8
458,Jalu,LY,2021-04-07 20:17:31,29.0331,21.5482,70.03,27,25,8.16
459,Green Valley,US,2021-04-07 20:14:52,31.8543,-110.9937,82.99,4,1,10.63
460,Tabou,CI,2021-04-07 20:17:31,4.423,-7.3528,80.85,83,18,6.91
461,Mount Gambier,AU,2021-04-07 20:17:31,-37.8333,140.7667,55.4,88,4,9.22
462,Cayenne,GF,2021-04-07 20:17:31,4.9333,-52.3333,78.8,89,75,3.44
463,Ambon,ID,2021-04-07 20:17:32,-3.6954,128.1814,75.2,88,20,6.91
464,Sitka,US,2021-04-07 20:07:49,57.0531,-135.33,37.4,75,40,14.97
465,Carballo,ES,2021-04-07 20:14:15,43.213,-8.691,55.0,65,100,2.64
466,Petropavlovsk-Kamchatskiy,RU,2021-04-07 20:17:32,53.0452,158.6483,26.6,68,75,8.95
467,Esterhazy,CA,2021-04-07 20:17:32,50.65,-102.0843,64.4,20,5,13.8
468,Labuhan,ID,2021-04-07 20:17:33,-6.8844,112.2051,78.84,86,98,10.8
469,Ahipara,NZ,2021-04-07 20:14:00,-35.1667,173.1667,60.78,85,29,2.64
470,Virginia Beach,US,2021-04-07 20:13:24,36.8529,-75.978,75.99,46,1,12.66
471,Kukmor,RU,2021-04-07 20:17:33,56.1855,50.8944,33.39,99,100,6.73
472,Puerto Rondon,CO,2021-04-07 20:17:33,6.2805,-71.1,90.75,49,99,1.14
473,Namibe,AO,2021-04-07 20:17:33,-15.1961,12.1522,78.67,83,90,1.92
474,Kasempa,ZM,2021-04-07 20:17:34,-13.4584,25.8338,69.03,63,100,7.0
475,Lyubashivka,UA,2021-04-07 20:17:34,47.8372,30.2598,32.59,82,4,8.19
476,Ostrovnoy,RU,2021-04-07 20:12:27,68.0531,39.5131,32.14,79,53,25.01
477,Puerto Escondido,MX,2021-04-07 20:14:08,15.85,-97.0667,87.8,74,40,12.66
478,Pucara,PE,2021-04-07 20:17:34,-15.9803,-71.4606,68.0,42,40,13.8
479,Nhulunbuy,AU,2021-04-07 20:17:35,-12.2333,136.7667,69.8,94,78,1.63
480,Port Hardy,CA,2021-04-07 20:14:02,50.6996,-127.4199,42.8,81,90,10.36
481,Proletarskiy,RU,2021-04-07 20:17:35,50.7914,35.7731,42.8,93,75,6.71
482,Hailar,CN,2021-04-07 20:17:35,49.2,119.7,31.78,46,36,5.97
483,Ambovombe,MG,2021-04-07 20:17:35,-25.1667,46.0833,72.73,81,0,14.92
484,Daru,PG,2021-04-07 20:17:36,-9.0763,143.2092,74.95,91,100,7.2
485,Aykhal,RU,2021-04-07 20:17:36,66.0,111.5,22.1,95,100,6.51
486,Nanortalik,GL,2021-04-07 20:17:36,60.1432,-45.2371,36.01,84,18,3.31
487,Tripoli,LY,2021-04-07 20:17:36,32.8752,13.1875,65.19,64,70,10.89
488,Batticaloa,LK,2021-04-07 20:17:37,7.7102,81.6924,77.56,82,98,5.35
489,Novotroitsk,RU,2021-04-07 20:17:37,51.203,58.3266,35.6,93,75,11.18
490,Kosa,RU,2021-04-07 20:17:37,59.9445,54.9977,34.39,97,100,3.74
491,Betong,TH,2021-04-07 20:17:37,5.7743,101.0723,70.25,98,96,2.35
492,Mayor Pablo Lagerenza,PY,2021-04-07 20:17:38,-19.9309,-60.7718,88.88,48,98,7.09
493,Kahului,US,2021-04-07 20:10:01,20.8947,-156.47,77.0,57,20,13.8
494,Elko,US,2021-04-07 20:17:38,41.0002,-115.5012,66.2,12,1,14.97
495,Karla,EE,2021-04-07 20:17:38,59.3723,24.9275,32.0,86,0,3.44
496,Parati,BR,2021-04-07 20:17:39,-23.2178,-44.7131,78.8,57,75,5.75
497,Yenagoa,NG,2021-04-07 20:17:39,4.9247,6.2642,80.62,80,62,6.38
498,Pangai,TO,2021-04-07 20:17:39,-19.8,-174.35,78.8,78,40,4.61
499,Mweka,CD,2021-04-07 20:17:39,-4.85,21.5667,67.37,97,95,3.18
500,Haag,NL,2021-04-07 20:17:40,52.0767,4.2986,39.0,93,75,4.61
501,Bilgram,IN,2021-04-07 20:17:40,27.1833,80.0333,82.31,15,3,8.59
502,Barabai,ID,2021-04-07 20:17:40,-2.5833,115.3833,73.85,92,83,1.83
503,Areosa,PT,2021-04-07 20:17:40,41.7178,-8.8571,59.0,62,0,2.3
504,Marovoay,MG,2021-04-07 20:17:41,-16.1,46.6333,75.2,94,40,2.3
505,Olafsvik,IS,2021-04-07 20:12:49,64.8945,-23.7142,29.98,87,100,34.47
506,Nanakuli,US,2021-04-07 20:17:41,21.3906,-158.1547,75.2,50,40,10.36
507,Avanigadda,IN,2021-04-07 20:17:41,16.0215,80.9181,79.07,73,7,4.29
508,Tulagi,SB,2021-04-07 20:17:42,-9.0996,160.1476,82.85,69,100,10.51
509,Shelburne,CA,2021-04-07 20:12:24,44.0787,-80.2041,71.6,26,1,11.5
510,Luganville,VU,2021-04-07 20:17:42,-15.5333,167.1667,78.58,86,89,3.87
511,Sivas,TR,2021-04-07 20:15:41,39.7916,37.0019,51.8,40,0,20.71
512,Mecca,SA,2021-04-07 20:13:37,21.4267,39.8261,81.39,27,4,3.11
513,Pevek,RU,2021-04-07 20:08:52,69.7008,170.3133,-24.18,99,100,4.09
514,Muroto,JP,2021-04-07 20:17:42,33.2833,134.15,58.73,54,80,6.2
515,Lagoa,PT,2021-04-07 20:13:43,39.05,-27.9833,59.63,90,12,21.21
516,Vredendal,ZA,2021-04-07 20:17:43,-31.6683,18.5012,66.02,62,44,4.25
517,Manado,ID,2021-04-07 20:15:09,1.487,124.8455,77.0,94,40,2.3
518,Wagar,SD,2021-04-07 20:17:43,16.1525,36.2032,92.55,22,8,8.43
519,Montrose,US,2021-04-07 20:17:43,38.4166,-108.2673,55.99,25,0,5.01
520,Usolye,RU,2021-04-07 20:17:44,59.4268,56.6808,37.0,68,100,1.99
521,Lewistown,US,2021-04-07 20:12:50,40.5992,-77.5714,78.8,31,1,3.44
522,Komsomolskiy,UZ,2021-04-07 20:17:44,40.4272,71.7189,55.4,50,25,9.22
523,Arman,RU,2021-04-07 20:13:42,59.7,150.1667,5.25,82,18,7.34
524,Alofi,NU,2021-04-07 20:13:53,-19.0595,-169.9187,80.6,78,75,8.05
525,Sonoita,MX,2021-04-07 20:14:07,31.85,-112.8333,86.0,4,32,5.99
526,Porto Santo,PT,2021-04-07 20:17:45,33.072,-16.3415,64.4,82,20,1.14
527,Teguise,ES,2021-04-07 20:13:44,29.0605,-13.564,66.2,68,20,2.3
528,Yumen,CN,2021-04-07 20:17:45,40.2833,97.2,46.72,35,98,11.05
529,Syracuse,IT,2021-04-07 20:17:45,37.0881,15.2792,59.0,62,0,8.05
530,Kaeo,NZ,2021-04-07 20:13:04,-35.1,173.7833,59.0,92,16,5.01
531,Jijiang,CN,2021-04-07 20:17:46,29.2906,106.2542,60.01,94,75,4.47
532,Leningradskiy,RU,2021-04-07 20:13:08,69.3833,178.4167,-13.43,96,95,5.3
533,Ponta Delgada,PT,2021-04-07 20:17:46,37.7333,-25.6667,60.8,82,75,18.41
534,Los Zacatones,MX,2021-04-07 20:17:46,22.95,-102.05,77.0,18,1,11.5
535,Aswan,EG,2021-04-07 20:17:46,24.0934,32.907,82.69,6,1,10.25
536,Srandakan,ID,2021-04-07 20:14:07,-7.9386,110.2506,78.8,87,100,9.62
537,Gat,IL,2021-04-07 20:13:21,31.61,34.7642,66.99,18,6,3.0
538,Altay,CN,2021-04-07 20:17:47,47.8667,88.1167,39.96,52,0,4.56
539,Severo-Yeniseyskiy,RU,2021-04-07 20:17:47,60.3725,93.0408,27.19,90,100,3.56
540,Dublin,US,2021-04-07 20:17:47,37.7021,-121.9358,64.0,42,1,9.22
541,Latung,PH,2021-04-07 20:17:48,5.5,120.8833,82.06,72,91,2.3
542,Hambantota,LK,2021-04-07 20:17:48,6.1241,81.1185,78.04,77,48,1.68
543,Manati,PR,2021-04-07 20:17:48,18.4275,-66.4921,78.01,83,100,3.0
544,Karonga,MW,2021-04-07 20:17:48,-9.9333,33.9333,72.91,85,67,10.18
545,Pacific Grove,US,2021-04-07 20:12:04,36.6177,-121.9166,59.0,63,1,9.22
546,Fukue,JP,2021-04-07 20:17:02,32.6881,128.8419,60.39,57,100,9.17
547,Vila Franca Do Campo,PT,2021-04-07 20:17:49,37.7167,-25.4333,60.8,82,75,18.41
548,Quatre Cocos,MU,2021-04-07 20:17:49,-20.2078,57.7625,80.6,78,75,11.5
549,Kavaratti,IN,2021-04-07 20:13:27,10.5669,72.642,83.37,73,12,8.66
550,Port-Cartier,CA,2021-04-07 20:13:24,50.0334,-66.8654,53.6,54,40,10.36
551,Homer,US,2021-04-07 20:14:19,59.6425,-151.5483,32.0,55,1,5.75
552,Boromo,BF,2021-04-07 20:17:50,11.75,-2.9333,95.07,6,100,8.86
553,Suhbaatar,MN,2021-04-07 20:15:21,50.2314,106.2078,41.97,37,100,2.71
554,Pingxiang,CN,2021-04-07 20:17:50,27.6167,113.85,54.54,96,100,3.78
555,Kinkala,CG,2021-04-07 20:17:50,-4.3614,14.7644,78.8,83,66,1.14
556,Agadez,NE,2021-04-07 20:17:50,19.75,10.25,85.39,6,8,8.68
557,Dano,BF,2021-04-07 20:17:51,11.15,-3.0667,98.06,9,85,6.82
558,Vardo,NO,2021-04-07 20:12:36,70.3705,31.1107,28.4,80,20,13.8
559,Vallenar,CL,2021-04-07 20:17:51,-28.5708,-70.7581,80.49,32,100,8.88
560,Phan Thiet,VN,2021-04-07 20:17:51,10.9333,108.1,76.24,84,100,8.03
561,Gayeri,BF,2021-04-07 20:17:52,12.6497,0.4931,92.66,6,50,6.13
562,Canakkale,TR,2021-04-07 20:17:52,40.0833,26.8333,60.8,59,0,12.66
563,Turayf,SA,2021-04-07 20:17:52,31.6725,38.6637,71.6,23,0,6.91
564,Imperia,IT,2021-04-07 20:17:52,43.9667,7.7833,46.4,42,0,6.93
565,Arequipa,PE,2021-04-07 20:15:13,-16.3989,-71.535,68.0,42,40,13.8
566,Casablanca,MA,2021-04-07 20:15:01,33.5928,-7.6192,62.6,82,20,11.5
567,Fare,PF,2021-04-07 20:17:53,-16.7,-151.0167,81.12,63,85,11.32
568,Kankan,GN,2021-04-07 20:17:53,10.3854,-9.3057,86.86,38,100,4.43
569,Paamiut,GL,2021-04-07 20:13:40,61.994,-49.6678,31.75,79,100,9.48
570,Izazi,TZ,2021-04-07 20:17:53,-7.2,35.7333,69.6,80,8,3.15
